lib,mae,mse,nae,ppmae,b_det_t,i_det_t,b_est_t,i_est_t,b_tot_t,i_tot_t
pymesh,0.6241457753017641,0.4317386972330548,1.0,0.06603125683869417,1292.3526000976562,40.38601875305176,1258.9139151737609,39.34105984918003,2551.266515271417,79.72707860223178
